<?xml version="1.0" encoding="utf-8" standalone="no"?>
<module id="18eb5141-982d-4f3a-b113-9dc6a8cc593f">
	<name>Harvester of Souls</name>
	<description>An Eldritch revised edition adventure module written by Eric Bergeron and edited by Dan Hill Cross. Designed for four 2nd Level Characters.</description>
	<slug>harvester-of-souls</slug>
	<author>Eric Bergeron</author>
	<code></code>
	<category>adventure</category>
	<image>Cover.jpg</image>
	<encounter id="DEC0B8C8-80B4-4332-A58F-7210859AE5EF">
		<name>Soul Seekers Encounter</name>
		<slug>soul-seekers-encounter</slug>
		<combatant>
			<label>S1</label>
			<x>2565</x>
			<y>1305</y>
			<monster ref="/monster/soul-seeker" />
		</combatant>
		<combatant>
			<label>S2</label>
			<x>2835</x>
			<y>1485</y>
			<monster ref="/monster/soul-seeker" />
		</combatant>
	</encounter>
</module>