<?xml version="1.0" encoding="utf-8" standalone="no"?>
<module id="18eb5141-982d-4f3a-b113-9dc6a8cc593f">
	<name>Harvester of Souls</name>
	<description>An Eldritch revised edition adventure module written by Eric Bergeron and edited by Dan Hill Cross. Designed for four 2nd Level Characters.</description>
	<slug>harvester-of-souls</slug>
	<author>Eric Bergeron</author>
	<code></code>
	<category>adventure</category>
	<image>Cover.jpg</image>
	<encounter id="F7FCF38A-E89D-4BE9-A271-F91409620CF6">
		<name>Teardrop Spider Encounter</name>
		<slug>teardrop-spider-encounter</slug>
		<combatant>
			<label>T1</label>
			<x>369</x>
			<y>3339</y>
			<monster ref="/monster/teardrop-spider" />
		</combatant>
	</encounter>
</module>