<?xml version="1.0" encoding="utf-8" standalone="no"?>
<module id="18eb5141-982d-4f3a-b113-9dc6a8cc593f">
	<name>Harvester of Souls</name>
	<description>An Eldritch revised edition adventure module written by Eric Bergeron and edited by Dan Hill Cross. Designed for four 2nd Level Characters.</description>
	<slug>harvester-of-souls</slug>
	<author>Eric Bergeron</author>
	<code></code>
	<category>adventure</category>
	<image>Cover.jpg</image>
	<encounter id="C17DF68E-0E49-4653-B80D-4ADB852279B4">
		<name>Giant Bats Encounter</name>
		<slug>giant-bats-encounter</slug>
		<combatant>
			<label>G1</label>
			<x>1170</x>
			<y>450</y>
			<monster ref="/monster/giant-bat" />
		</combatant>
		<combatant>
			<label>G2</label>
			<x>1350</x>
			<y>540</y>
			<monster ref="/monster/giant-bat" />
		</combatant>
		<combatant>
			<label>G3</label>
			<x>1080</x>
			<y>630</y>
			<monster ref="/monster/giant-bat" />
		</combatant>
		<combatant>
			<label>G4</label>
			<x>990</x>
			<y>810</y>
			<monster ref="/monster/giant-bat" />
		</combatant>
		<combatant>
			<label>G5</label>
			<x>1170</x>
			<y>810</y>
			<monster ref="/monster/giant-bat" />
		</combatant>
	</encounter>
</module>