<?xml version="1.0" encoding="utf-8" standalone="no"?>
<module id="18eb5141-982d-4f3a-b113-9dc6a8cc593f">
	<name>Harvester of Souls</name>
	<description>An Eldritch revised edition adventure module written by Eric Bergeron and edited by Dan Hill Cross. Designed for four 2nd Level Characters.</description>
	<slug>harvester-of-souls</slug>
	<author>Eric Bergeron</author>
	<code></code>
	<category>adventure</category>
	<image>Cover.jpg</image>
	<encounter id="4AB24663-38C3-4944-82AA-DE1CA6BAE266">
		<name>Bull Brick Encounter</name>
		<slug>bull-brick-encounter</slug>
		<combatant>
			<label>B1</label>
			<x>2034</x>
			<y>1854</y>
			<monster ref="/monster/bull-brick" />
		</combatant>
	</encounter>
</module>