<?xml version="1.0" encoding="utf-8" standalone="no"?>
<module id="18eb5141-982d-4f3a-b113-9dc6a8cc593f">
	<name>Harvester of Souls</name>
	<description>An Eldritch revised edition adventure module written by Eric Bergeron and edited by Dan Hill Cross. Designed for four 2nd Level Characters.</description>
	<slug>harvester-of-souls</slug>
	<author>Eric Bergeron</author>
	<code></code>
	<category>adventure</category>
	<image>Cover.jpg</image>
	<map id="BD275379-BDEA-4D4F-A3B2-BD4FB16B5926" sort="29">
		<name>Campsite</name>
		<slug>campsite-map</slug>
		<description></description>
		<gridSize>150</gridSize>
		<gridOffsetX>0</gridOffsetX>
		<gridOffsetY>0</gridOffsetY>
		<gridColor>#cccccc</gridColor>
		<gridVisible>YES</gridVisible>
		<scale>1.0</scale>
		<fogVisible>NO</fogVisible>
		<lineOfSight>NO</lineOfSight>
		<daylight>0.0</daylight>
		<width>3600</width>
		<height>3600</height>
		<image>new-map_2hTRhQ.jpg</image>
		<video></video>
		<canvas></canvas>
		<snapshot></snapshot>
		<fog></fog>
		<floor>new-map-floors_BD2753.png</floor>
	</map>
</module>