<?xml version="1.0" encoding="utf-8" standalone="no"?>
<module id="18eb5141-982d-4f3a-b113-9dc6a8cc593f">
	<name>Harvester of Souls</name>
	<description>An Eldritch revised edition adventure module written by Eric Bergeron and edited by Dan Hill Cross. Designed for four 2nd Level Characters.</description>
	<slug>harvester-of-souls</slug>
	<author>Eric Bergeron</author>
	<code></code>
	<category>adventure</category>
	<image>Cover.jpg</image>
	<encounter id="06F54F30-9735-4E02-9358-33882DEC5C34">
		<name>Skull Crawler Encounter</name>
		<slug>skull-crawler-encounter</slug>
		<combatant>
			<label>S1</label>
			<x>2979</x>
			<y>2349</y>
			<monster ref="/monster/skull-crawler" />
		</combatant>
	</encounter>
</module>