<?xml version="1.0" encoding="utf-8" standalone="no"?>
<module id="18eb5141-982d-4f3a-b113-9dc6a8cc593f">
	<name>Harvester of Souls</name>
	<description>An Eldritch revised edition adventure module written by Eric Bergeron and edited by Dan Hill Cross. Designed for four 2nd Level Characters.</description>
	<slug>harvester-of-souls</slug>
	<author>Eric Bergeron</author>
	<code></code>
	<category>adventure</category>
	<image>Cover.jpg</image>
	<map id="b1902c14-ee9b-55fc-ad6e-9e0cf4caca3b" parent="95568fd4-94fa-51c7-83b3-ea0a1341f0db">
		<name>Harvester&apos;s Lair</name>
		<slug>harvesters-lair-map</slug>
		<description></description>
		<gridSize>90</gridSize>
		<gridOffsetX>0</gridOffsetX>
		<gridOffsetY>0</gridOffsetY>
		<gridColor>#cccccc</gridColor>
		<gridVisible>YES</gridVisible>
		<scale>1.0</scale>
		<fogVisible>NO</fogVisible>
		<lineOfSight>NO</lineOfSight>
		<daylight>0.0</daylight>
		<width>3600</width>
		<height>3600</height>
		<image>harvester-s-lair_9H14Yc.jpg</image>
		<video></video>
		<canvas></canvas>
		<snapshot></snapshot>
		<fog></fog>
		<floor>harvester-s-lair-floors_582C24.png</floor>
		<marker>
			<name>1: Cave Entrance</name>
			<color>#000000</color>
			<shape>marker</shape>
			<size>medium</size>
			<hidden>YES</hidden>
			<locked>NO</locked>
			<x>2285</x>
			<y>3013</y>
			<content ref="/page/1-cave-entrance" />
		</marker>
		<marker>
			<name>2: Old Bandit Quarters</name>
			<color>#000000</color>
			<shape>marker</shape>
			<size>medium</size>
			<hidden>YES</hidden>
			<locked>NO</locked>
			<x>2287</x>
			<y>1741</y>
			<content ref="/page/2-old-bandit-quarters" />
		</marker>
		<marker>
			<name>3: Water Maze</name>
			<color>#000000</color>
			<shape>marker</shape>
			<size>medium</size>
			<hidden>YES</hidden>
			<locked>NO</locked>
			<x>1059</x>
			<y>1384</y>
			<content ref="/page/3-water-maze" />
		</marker>
		<marker>
			<name>4: The Room of the Harvester</name>
			<color>#000000</color>
			<shape>marker</shape>
			<size>medium</size>
			<hidden>YES</hidden>
			<locked>NO</locked>
			<x>2294</x>
			<y>503</y>
			<content ref="/page/4-the-room-of-the-harvester-and-conclusion" />
		</marker>
	</map>
</module>