<?xml version="1.0" encoding="utf-8" standalone="no"?>
<module id="18eb5141-982d-4f3a-b113-9dc6a8cc593f">
	<name>Harvester of Souls</name>
	<description>An Eldritch revised edition adventure module written by Eric Bergeron and edited by Dan Hill Cross. Designed for four 2nd Level Characters.</description>
	<slug>harvester-of-souls</slug>
	<author>Eric Bergeron</author>
	<code></code>
	<category>adventure</category>
	<image>Cover.jpg</image>
	<map id="b1902c14-ee9b-55fc-ad6e-9e0cf4caca3b" parent="95568fd4-94fa-51c7-83b3-ea0a1341f0db">
		<name>Harvester&apos;s Lair</name>
		<slug>harvesters-lair-map</slug>
		<description></description>
		<gridSize>90</gridSize>
		<gridOffsetX>0</gridOffsetX>
		<gridOffsetY>0</gridOffsetY>
		<gridColor>#cccccc</gridColor>
		<gridVisible>YES</gridVisible>
		<scale>1.0</scale>
		<fogVisible>NO</fogVisible>
		<lineOfSight>YES</lineOfSight>
		<daylight>0.0</daylight>
		<width>3600</width>
		<height>3600</height>
		<image>harvester-s-lair_9H14Yc.jpg</image>
		<video></video>
		<canvas></canvas>
		<snapshot></snapshot>
		<fog></fog>
		<floor>harvester-s-lair-floors_582C24.png</floor>
		<marker>
			<name>1: Cave Entrance</name>
			<color>#000000</color>
			<shape>marker</shape>
			<size>medium</size>
			<hidden>YES</hidden>
			<locked>NO</locked>
			<x>2285</x>
			<y>3013</y>
			<content ref="/page/1-cave-entrance" />
		</marker>
		<marker>
			<name>2: Old Bandit Quarters</name>
			<color>#000000</color>
			<shape>marker</shape>
			<size>medium</size>
			<hidden>YES</hidden>
			<locked>NO</locked>
			<x>2287</x>
			<y>1741</y>
			<content ref="/page/2-old-bandit-quarters" />
		</marker>
		<marker>
			<name>3: Water Maze</name>
			<color>#000000</color>
			<shape>marker</shape>
			<size>medium</size>
			<hidden>YES</hidden>
			<locked>NO</locked>
			<x>1059</x>
			<y>1384</y>
			<content ref="/page/3-water-maze" />
		</marker>
		<marker>
			<name>4: The Room of the Harvester</name>
			<color>#000000</color>
			<shape>marker</shape>
			<size>medium</size>
			<hidden>YES</hidden>
			<locked>NO</locked>
			<x>2294</x>
			<y>503</y>
			<content ref="/page/4-the-room-of-the-harvester-and-conclusion" />
		</marker>
		<marker>
			<name>Soul Seekers Encounter</name>
			<color>#dc322f</color>
			<shape>pin</shape>
			<size>small</size>
			<hidden>YES</hidden>
			<locked>NO</locked>
			<x>2571</x>
			<y>1416</y>
			<content ref="/encounter/soul-seekers-encounter" />
		</marker>
		<marker>
			<name>Giant Bats Encounter</name>
			<color>#dc322f</color>
			<shape>pin</shape>
			<size>small</size>
			<hidden>YES</hidden>
			<locked>NO</locked>
			<x>1123</x>
			<y>784</y>
			<content ref="/encounter/giant-bats-encounter" />
		</marker>
		<marker>
			<name>Harvester Encounter</name>
			<color>#dc322f</color>
			<shape>pin</shape>
			<size>small</size>
			<hidden>YES</hidden>
			<locked>NO</locked>
			<x>2302</x>
			<y>290</y>
			<content ref="/encounter/harvester-encounter" />
		</marker>
		<wall id="3ABF676C-6A52-47CA-80FA-48056A67665E">
			<data>1835.0,2714.0,1839.0,2696.0,1826.0,2666.0,1765.0,2592.0,1750.0,2550.0,1803.0,2470.0,1821.0,2424.0</data>
			<color>#ff7f00</color>
			<generated>YES</generated>
		</wall>
		<wall id="29CBE835-B05F-4FCE-BD41-2A79DFFECDB8">
			<data>1821.0,2424.0,1818.0,2404.0,1799.0,2382.0,1761.0,2364.0,1708.0,2358.0,1659.0,2335.0,1646.0,2318.0,1618.0,2185.0,1586.0,2156.0,1476.0,2121.0,1458.0,2094.0,1461.0,2063.0</data>
			<color>#ff7f00</color>
			<generated>YES</generated>
		</wall>
		<wall id="2664E8F5-1053-44D8-86D5-1BD39B98A26C">
			<data>1460.0,2061.0,1483.0,2035.0,1548.0,1990.0,1634.0,1982.0,1676.0,1998.0,1728.0,2004.0,1763.0,1985.0,1772.0,1961.0,1767.0,1923.0,1809.0,1903.0,1831.0,1869.0,1822.0,1853.0,1773.0,1813.0,1754.0,1774.0,1764.0,1661.0,1746.0,1662.0,1732.0,1677.0,1724.0,1708.0,1705.0,1736.0,1677.0,1751.0,1627.0,1762.0,1597.0,1761.0,1568.0,1748.0,1449.0,1662.0,1342.0,1634.0,1280.0,1639.0,1130.0,1698.0</data>
			<color>#ff7f00</color>
			<generated>YES</generated>
		</wall>
		<wall id="B91A0338-629C-4987-B84E-2910BAD95EFD">
			<data>1130.0,1698.0,1089.0,1687.0,1069.0,1659.0,1056.0,1623.0,1060.0,1585.0,1088.0,1537.0,1085.0,1499.0,996.0,1429.0,891.0,1419.0,847.0,1429.0,767.0,1429.0,705.0,1411.0,668.0,1380.0,647.0,1330.0,644.0,1305.0,666.0,1270.0,670.0,1233.0,684.0,1208.0,773.0,1157.0,829.0,1109.0</data>
			<color>#ff7f00</color>
			<generated>YES</generated>
		</wall>
		<wall id="1EF5574E-008C-4488-A87E-53B7038CEDC2">
			<data>829.0,1109.0,835.0,1089.0,841.0,973.0,867.0,940.0,948.0,939.0,984.0,953.0,1016.0,979.0,1045.0,967.0,1043.0,956.0,965.0,920.0,950.0,887.0,943.0,836.0,926.0,808.0</data>
			<color>#ff7f00</color>
			<generated>YES</generated>
		</wall>
		<wall id="03F37A98-57D6-4D26-9C68-04B4B44A1FA7">
			<data>926.0,808.0,917.0,801.0,914.0,781.0,925.0,748.0,1019.0,632.0,1040.0,527.0,1055.0,502.0,1076.0,485.0</data>
			<color>#ff7f00</color>
			<generated>YES</generated>
		</wall>
		<wall id="4FFA3C57-1A7E-45E4-BCFD-FFAF0AE1A4CF">
			<data>1076.0,485.0,1083.0,458.0,1072.0,435.0,1074.0,398.0,1103.0,366.0,1141.0,355.0,1187.0,366.0,1303.0,433.0,1373.0,455.0,1422.0,504.0,1485.0,514.0,1590.0,510.0,1646.0,534.0,1699.0,577.0,1735.0,587.0,1776.0,611.0,1895.0,616.0</data>
			<color>#ff7f00</color>
			<generated>YES</generated>
		</wall>
		<wall id="813641C4-1450-4016-95D8-C214B04D48AD">
			<data>1895.0,615.0,1918.0,627.0,1950.0,608.0,1989.0,613.0,2008.0,648.0,2026.0,721.0,2059.0,746.0,2119.0,773.0,2194.0,784.0,2295.0,785.0,2333.0,770.0,2353.0,742.0,2354.0,687.0,2334.0,653.0,2313.0,638.0,2251.0,630.0,2101.0,634.0</data>
			<color>#ff7f00</color>
			<generated>YES</generated>
		</wall>
		<wall id="846E6172-11F3-4F49-9F99-3AA6664B8654">
			<data>2101.0,634.0,1967.0,540.0,1950.0,503.0,1943.0,441.0,1968.0,286.0,1997.0,233.0,2032.0,198.0,2103.0,176.0,2193.0,107.0,2235.0,87.0,2312.0,67.0,2357.0,69.0,2391.0,87.0,2394.0,131.0,2388.0,148.0,2401.0,161.0,2507.0,181.0,2544.0,213.0,2553.0,258.0,2542.0,282.0,2542.0,325.0,2566.0,419.0,2553.0,449.0,2539.0,458.0,2567.0,471.0,2612.0,478.0,2633.0,492.0,2636.0,530.0,2609.0,583.0</data>
			<color>#ff7f00</color>
			<generated>YES</generated>
		</wall>
		<wall id="CC978682-997F-4A27-94D2-158D4575855B">
			<data>2609.0,583.0,2568.0,623.0,2565.0,663.0,2582.0,714.0,2571.0,792.0,2539.0,858.0,2512.0,886.0,2479.0,906.0,2400.0,930.0,2272.0,950.0,2189.0,917.0,2162.0,915.0,2085.0,934.0,2032.0,936.0,2006.0,917.0,1948.0,845.0,1891.0,759.0,1846.0,740.0,1803.0,745.0,1747.0,781.0,1708.0,785.0,1532.0,685.0,1478.0,716.0,1438.0,721.0,1397.0,715.0,1359.0,692.0,1343.0,672.0,1339.0,651.0</data>
			<color>#ff7f00</color>
			<generated>YES</generated>
		</wall>
		<wall id="4EB6EFB1-34F9-4FA6-9071-3527F29741AE">
			<data>1339.0,651.0,1309.0,619.0,1284.0,608.0,1317.0,675.0,1305.0,763.0,1325.0,846.0,1349.0,895.0,1377.0,898.0,1417.0,876.0,1501.0,860.0,1548.0,872.0,1676.0,847.0,1830.0,847.0,1860.0,856.0,1890.0,898.0,1893.0,916.0,1908.0,929.0,1917.0,948.0,1912.0,997.0</data>
			<color>#ff7f00</color>
			<generated>YES</generated>
		</wall>
		<wall id="83C222A8-F3CF-458A-99CA-53C5155431FB">
			<data>1912.0,999.0,1915.0,1010.0,1936.0,1024.0,1948.0,1055.0,1990.0,1086.0,2150.0,1079.0,2229.0,1122.0,2248.0,1170.0,2241.0,1238.0,2272.0,1274.0,2347.0,1267.0,2398.0,1284.0,2425.0,1284.0,2459.0,1267.0,2470.0,1251.0,2476.0,1217.0,2465.0,1186.0,2419.0,1150.0,2412.0,1126.0,2412.0,1072.0,2419.0,1054.0,2451.0,1047.0,2478.0,1016.0,2534.0,1003.0,2567.0,1006.0,2603.0,1030.0,2649.0,1076.0,2681.0,1073.0,2727.0,1056.0,2821.0,1064.0,2865.0,1084.0,2885.0,1108.0,2944.0,1149.0,2953.0,1186.0,2984.0,1194.0,3036.0,1191.0,3072.0,1216.0</data>
			<color>#ff7f00</color>
			<generated>YES</generated>
		</wall>
		<wall id="1E73EE28-3E7C-43CB-B195-88E623F19D7B">
			<data>3072.0,1216.0,3085.0,1238.0,3142.0,1278.0,3220.0,1288.0,3234.0,1301.0,3253.0,1337.0,3284.0,1366.0,3290.0,1435.0,3267.0,1475.0,3186.0,1523.0,3247.0,1616.0,3241.0,1665.0,3214.0,1716.0,3161.0,1746.0,3100.0,1755.0,2977.0,1758.0,2930.0,1781.0,2934.0,1797.0,3037.0,1840.0,3069.0,1871.0,3043.0,1968.0,3014.0,2007.0,2988.0,2023.0,2961.0,2066.0</data>
			<color>#ff7f00</color>
			<generated>YES</generated>
		</wall>
		<wall id="B5AA07C7-2BC4-481B-AC35-D4599C208C9E">
			<data>2961.0,2066.0,2932.0,2117.0,2901.0,2136.0,2854.0,2143.0,2815.0,2134.0,2685.0,2040.0,2626.0,2008.0,2599.0,2005.0,2552.0,2028.0,2490.0,2079.0,2389.0,2093.0,2375.0,2105.0,2391.0,2120.0,2445.0,2125.0,2515.0,2107.0,2610.0,2099.0,2684.0,2206.0,2741.0,2232.0,2793.0,2276.0,2823.0,2353.0,2826.0,2400.0,2779.0,2476.0,2698.0,2555.0,2694.0,2579.0,2704.0,2587.0,2723.0,2580.0,2796.0,2496.0,2864.0,2481.0,2903.0,2488.0,3047.0,2544.0</data>
			<color>#ff7f00</color>
			<generated>YES</generated>
		</wall>
		<wall id="088D4B22-0820-4A27-A239-AE287CEDA194">
			<data>3047.0,2544.0,3076.0,2556.0,3095.0,2583.0,3112.0,2657.0,3136.0,2715.0,3185.0,2747.0,3218.0,2753.0,3311.0,2740.0,3359.0,2718.0,3423.0,2681.0,3474.0,2612.0,3514.0,2579.0,3582.0,2561.0</data>
			<color>#ff7f00</color>
			<generated>YES</generated>
		</wall>
		<wall id="9129643D-EB7F-4D85-9DFD-F24B72D82FD4">
			<data>3582.0,2561.0,3610.0,2558.0</data>
			<color>#ff7f00</color>
			<generated>YES</generated>
		</wall>
		<wall id="540D2005-D23D-4B29-8157-F38919C109F6">
			<data>1833.0,2712.0,1807.0,2732.0,1740.0,2762.0,1707.0,2766.0,1656.0,2764.0,1559.0,2736.0,1507.0,2735.0,1451.0,2769.0,1381.0,2795.0,1370.0,2787.0,1369.0,2774.0,1367.0,2541.0,1364.0,2514.0,1354.0,2505.0,1322.0,2495.0,1250.0,2494.0,914.0,2504.0,767.0,2499.0,711.0,2392.0,642.0,2311.0,628.0,2298.0,561.0,2283.0</data>
			<color>#ff7f00</color>
			<generated>YES</generated>
		</wall>
		<wall id="7C3CA111-FA22-42F9-B706-8BDB1C395F4D">
			<data>557.0,2281.0,450.0,2257.0,399.0,2221.0,399.0,2094.0,372.0,2043.0,343.0,2026.0,223.0,2031.0,139.0,2059.0,98.0,2097.0,66.0,2172.0,35.0,2211.0,5.0,2225.0,-20.0,2228.0,-26.0,2220.0</data>
			<color>#ff7f00</color>
			<generated>YES</generated>
		</wall>
		<wall id="DE034517-3922-48BD-B094-BDBF669FCD51">
			<data>1370.0,2787.0,1371.0,3438.0,-5.0,3418.0</data>
			<color>#ff7f00</color>
			<generated>YES</generated>
		</wall>
		<wall id="7F40F908-E72E-4099-9DF4-E0614E9BDB9B">
			<data>2071.0,2145.0,2007.0,2179.0,1995.0,2217.0,1947.0,2273.0,1941.0,2312.0,1967.0,2320.0,2003.0,2306.0,2058.0,2307.0,2074.0,2297.0,2081.0,2251.0,2094.0,2225.0,2157.0,2186.0,2160.0,2174.0,2107.0,2162.0,2095.0,2147.0,2071.0,2145.0</data>
			<color>#ffff00</color>
			<type>terrain</type>
			<generated>YES</generated>
		</wall>
		<wall id="3C0C6876-B592-49A9-BD4E-6AED1B7C3E38">
			<data>1822.0,2092.0,1786.0,2120.0,1777.0,2140.0,1785.0,2159.0,1820.0,2158.0,1846.0,2144.0,1844.0,2109.0,1822.0,2092.0</data>
			<color>#ffff00</color>
			<type>terrain</type>
			<generated>YES</generated>
		</wall>
		<wall id="29EA3460-2758-4EE4-86B9-9E4BACCAC7D0">
			<data>2128.0,1598.0,2120.0,1605.0,2116.0,1635.0,2077.0,1687.0,2083.0,1706.0,2140.0,1709.0,2181.0,1679.0,2169.0,1642.0,2171.0,1617.0,2150.0,1600.0,2128.0,1598.0</data>
			<color>#ffff00</color>
			<type>terrain</type>
			<generated>YES</generated>
		</wall>
		<wall id="352E7926-4BFA-43E0-818C-A392C30F27EB">
			<data>2515.0,1583.0,2432.0,1645.0,2420.0,1665.0,2424.0,1687.0,2457.0,1740.0,2481.0,1761.0,2517.0,1771.0,2558.0,1763.0,2598.0,1719.0,2634.0,1713.0,2670.0,1722.0,2700.0,1709.0,2700.0,1692.0,2700.0,1692.0,2618.0,1642.0,2602.0,1605.0,2583.0,1588.0,2546.0,1578.0,2515.0,1583.0</data>
			<color>#ffff00</color>
			<type>terrain</type>
			<generated>YES</generated>
		</wall>
		<wall id="AA62C324-2F68-4D31-9B97-5A3BE7443C6A">
			<data>2901.0,1304.0,2907.0,1302.0,2892.0,1311.0,2868.0,1351.0,2837.0,1356.0,2830.0,1372.0,2837.0,1383.0,2936.0,1397.0,2959.0,1380.0,2963.0,1336.0,2956.0,1320.0,2933.0,1305.0,2910.0,1303.0</data>
			<color>#ffff00</color>
			<type>terrain</type>
			<generated>YES</generated>
		</wall>
		<wall id="0357AAC6-17BA-4A3F-AFD7-F7CD8694DA88">
			<data>1214.0,1255.0,1179.0,1298.0,1174.0,1340.0,1186.0,1341.0,1242.0,1294.0,1242.0,1268.0,1214.0,1255.0</data>
			<color>#ffff00</color>
			<type>terrain</type>
			<generated>YES</generated>
		</wall>
		<wall id="C7EA40B9-A482-4AD4-AA18-43CAEF552935">
			<data>1035.0,1170.0,1033.0,1174.0,1029.0,1202.0,998.0,1230.0,991.0,1249.0,1005.0,1320.0,1019.0,1340.0,1041.0,1347.0,1072.0,1328.0,1125.0,1242.0,1129.0,1220.0,1118.0,1196.0,1090.0,1169.0,1035.0,1170.0</data>
			<color>#ffff00</color>
			<type>terrain</type>
			<generated>YES</generated>
		</wall>
		<wall id="B3FAB662-0BFF-4099-9AB8-5C0885092D0A">
			<data>855.0,1215.0,824.0,1221.0,812.0,1247.0,818.0,1265.0,860.0,1266.0,888.0,1258.0,902.0,1246.0,902.0,1218.0,890.0,1203.0,855.0,1215.0</data>
			<color>#ffff00</color>
			<type>terrain</type>
			<generated>YES</generated>
		</wall>
		<wall id="088B9880-F027-41D2-B468-36BADA8BD8D7">
			<data>952.0,1146.0,935.0,1156.0,936.0,1163.0,950.0,1177.0,965.0,1177.0,969.0,1168.0,952.0,1146.0</data>
			<color>#ffff00</color>
			<type>terrain</type>
			<generated>YES</generated>
		</wall>
		<wall id="4FA4F58E-E799-45C2-8102-750EF89FE4FB">
			<data>912.0,1021.0,900.0,1030.0,891.0,1055.0,904.0,1068.0,934.0,1069.0,949.0,1049.0,950.0,1030.0,933.0,1019.0,912.0,1021.0</data>
			<color>#ffff00</color>
			<type>terrain</type>
			<generated>YES</generated>
		</wall>
		<wall id="5840F95A-1462-4D55-9567-672F53F5AE8D">
			<data>1010.0,1057.0,982.0,1087.0,984.0,1110.0,1034.0,1102.0,1048.0,1087.0,1042.0,1063.0,1031.0,1054.0,1010.0,1057.0</data>
			<color>#ffff00</color>
			<type>terrain</type>
			<generated>YES</generated>
		</wall>
		<wall id="18A3721A-C839-4D14-AE6D-1330AF7E003E">
			<data>1178.0,1150.0,1171.0,1159.0,1173.0,1180.0,1191.0,1197.0,1213.0,1197.0,1224.0,1172.0,1208.0,1156.0,1178.0,1150.0</data>
			<color>#ffff00</color>
			<type>terrain</type>
			<generated>YES</generated>
		</wall>
		<wall id="BC1CE8B6-E26E-4531-A756-622951675C75">
			<data>1167.0,974.0,1139.0,980.0,1129.0,992.0,1132.0,1021.0,1149.0,1046.0,1217.0,1098.0,1257.0,1106.0,1279.0,1095.0,1281.0,1062.0,1266.0,1028.0,1215.0,990.0,1167.0,974.0</data>
			<color>#ffff00</color>
			<type>terrain</type>
			<generated>YES</generated>
		</wall>
		<wall id="BF2143A1-9D18-41D3-B066-3F95CCE1CCB1">
			<data>1217.0,891.0,1217.0,908.0,1226.0,930.0,1247.0,934.0,1263.0,912.0,1263.0,898.0,1241.0,885.0,1217.0,891.0</data>
			<color>#ffff00</color>
			<type>terrain</type>
			<generated>YES</generated>
		</wall>
		<wall id="E415FFB7-DB28-48A8-9C61-D359A063EB59">
			<data>1420.0,1306.0,1418.0,1274.0,1389.0,1242.0,1353.0,1232.0,1320.0,1244.0,1320.0,1270.0,1335.0,1298.0,1323.0,1332.0,1321.0,1364.0,1335.0,1392.0,1353.0,1408.0,1464.0,1459.0,1527.0,1539.0,1547.0,1553.0,1597.0,1567.0,1673.0,1526.0,1703.0,1517.0</data>
			<color>#ff7f00</color>
			<generated>YES</generated>
		</wall>
		<wall id="E5A9DBE7-6E9E-4DF8-9330-BAFCF88D77D8">
			<data>1703.0,1517.0,1763.0,1515.0,1866.0,1452.0,1903.0,1437.0,2049.0,1423.0,2073.0,1406.0,2083.0,1371.0,2076.0,1350.0,2052.0,1321.0,1977.0,1263.0,1919.0,1247.0,1877.0,1245.0,1819.0,1211.0,1786.0,1136.0,1779.0,1089.0,1734.0,1016.0,1699.0,1012.0,1636.0,1037.0,1602.0,1065.0,1581.0,1106.0,1560.0,1121.0,1456.0,1139.0,1440.0,1149.0,1448.0,1158.0,1600.0,1179.0,1634.0,1205.0,1661.0,1256.0,1670.0,1295.0,1670.0,1317.0,1646.0,1380.0,1560.0,1435.0,1508.0,1441.0,1480.0,1425.0,1451.0,1393.0,1423.0,1331.0,1420.0,1306.0</data>
			<color>#ff7f00</color>
			<generated>YES</generated>
		</wall>
	</map>
</module>