<?xml version="1.0" encoding="utf-8" standalone="no"?>
<module id="18eb5141-982d-4f3a-b113-9dc6a8cc593f">
	<name>Harvester of Souls</name>
	<description>An Eldritch revised edition adventure module written by Eric Bergeron and edited by Dan Hill Cross. Designed for four 2nd Level Characters.</description>
	<slug>harvester-of-souls</slug>
	<author>Eric Bergeron</author>
	<code></code>
	<category>adventure</category>
	<image>Cover.jpg</image>
	<map id="0f189f8c-70ef-5fa6-9fc5-920b4f06af35" parent="64fa5bd2-5b4d-561f-8906-f6252ae1dccd">
		<name>Saint Frederick&apos;s Crypt</name>
		<slug>st-fredericks-crypt-map</slug>
		<description></description>
		<gridSize>90</gridSize>
		<gridOffsetX>9</gridOffsetX>
		<gridOffsetY>9</gridOffsetY>
		<gridColor>#cccccc</gridColor>
		<gridVisible>YES</gridVisible>
		<scale>1.0</scale>
		<fogVisible>NO</fogVisible>
		<lineOfSight>YES</lineOfSight>
		<daylight>0.0</daylight>
		<width>3600</width>
		<height>3600</height>
		<image>new-map_hdeVl7.jpg</image>
		<video></video>
		<canvas></canvas>
		<snapshot></snapshot>
		<fog></fog>
		<floor>new-map-floors_5E6CF5.png</floor>
		<marker>
			<name>14: The Halls of the Guardians</name>
			<color>#000000</color>
			<shape>marker</shape>
			<size>medium</size>
			<hidden>YES</hidden>
			<locked>NO</locked>
			<x>3348</x>
			<y>1031</y>
			<content ref="/page/14-the-halls-of-the-guardians" />
		</marker>
		<marker>
			<name>1: Entrance</name>
			<color>#000000</color>
			<shape>marker</shape>
			<size>medium</size>
			<hidden>YES</hidden>
			<locked>NO</locked>
			<x>266</x>
			<y>1844</y>
			<content ref="/page/1-entrance" />
		</marker>
		<marker>
			<name>2: Hall of Welcoming</name>
			<color>#000000</color>
			<shape>marker</shape>
			<size>medium</size>
			<hidden>YES</hidden>
			<locked>NO</locked>
			<x>1154</x>
			<y>1920</y>
			<content ref="/page/2-hall-of-welcoming" />
		</marker>
		<marker>
			<name>3: Poisonous Trap Room</name>
			<color>#000000</color>
			<shape>marker</shape>
			<size>medium</size>
			<hidden>YES</hidden>
			<locked>NO</locked>
			<x>722</x>
			<y>2705</y>
			<content ref="/page/3-poisonous-trap-room" />
		</marker>
		<marker>
			<name>4: Hall of Glory and Honor</name>
			<color>#000000</color>
			<shape>marker</shape>
			<size>medium</size>
			<hidden>YES</hidden>
			<locked>NO</locked>
			<x>1636</x>
			<y>2492</y>
			<content ref="/page/4-hall-of-glory-and-honor" />
		</marker>
		<marker>
			<name>5: Twin Stairs Hall</name>
			<color>#000000</color>
			<shape>marker</shape>
			<size>medium</size>
			<hidden>YES</hidden>
			<locked>NO</locked>
			<x>2973</x>
			<y>1982</y>
			<content ref="/page/5-twin-stairs-hall" />
		</marker>
		<marker>
			<name>6: Belt Pouch Corridor</name>
			<color>#000000</color>
			<shape>marker</shape>
			<size>medium</size>
			<hidden>YES</hidden>
			<locked>NO</locked>
			<x>2390</x>
			<y>2944</y>
			<content ref="/page/6-belt-pouch-corridor" />
		</marker>
		<marker>
			<name>7: Spider Tunnel</name>
			<color>#000000</color>
			<shape>marker</shape>
			<size>medium</size>
			<hidden>YES</hidden>
			<locked>NO</locked>
			<x>1390</x>
			<y>3410</y>
			<content ref="/page/7-spider-tunnel" />
		</marker>
		<marker>
			<name>8: The Sun Virgin</name>
			<color>#000000</color>
			<shape>marker</shape>
			<size>medium</size>
			<hidden>YES</hidden>
			<locked>NO</locked>
			<x>316</x>
			<y>3379</y>
			<content ref="/page/8-the-sun-virgin" />
		</marker>
		<marker>
			<name>9: Skull crawler’s lair</name>
			<color>#000000</color>
			<shape>marker</shape>
			<size>medium</size>
			<hidden>YES</hidden>
			<locked>NO</locked>
			<x>3160</x>
			<y>2437</y>
			<content ref="/page/9-skull-crawlers-lair" />
		</marker>
		<marker>
			<name>10: The Secret Hallways</name>
			<color>#000000</color>
			<shape>marker</shape>
			<size>medium</size>
			<hidden>YES</hidden>
			<locked>NO</locked>
			<x>1850</x>
			<y>1005</y>
			<content ref="/page/10-the-secret-hallways" />
		</marker>
		<marker>
			<name>11: Little Note Corridor</name>
			<color>#000000</color>
			<shape>marker</shape>
			<size>medium</size>
			<hidden>YES</hidden>
			<locked>NO</locked>
			<x>946</x>
			<y>585</y>
			<content ref="/page/11-little-note-corridor" />
		</marker>
		<marker>
			<name>12: The Moon Virgin</name>
			<color>#000000</color>
			<shape>marker</shape>
			<size>medium</size>
			<hidden>YES</hidden>
			<locked>NO</locked>
			<x>1057</x>
			<y>1126</y>
			<content ref="/page/12-the-moon-virgin" />
		</marker>
		<marker>
			<name>13: The Cursed Sword</name>
			<color>#000000</color>
			<shape>marker</shape>
			<size>medium</size>
			<hidden>YES</hidden>
			<locked>NO</locked>
			<x>488</x>
			<y>1118</y>
			<content ref="/page/13-the-cursed-sword" />
		</marker>
		<marker>
			<name>15: The Moon and Sun Tiles</name>
			<color>#000000</color>
			<shape>marker</shape>
			<size>medium</size>
			<hidden>YES</hidden>
			<locked>NO</locked>
			<x>2702</x>
			<y>1301</y>
			<content ref="/page/15-the-moon-and-sun-tiles" />
		</marker>
		<marker>
			<name>16: The Tomb of St. Frederick</name>
			<color>#000000</color>
			<shape>marker</shape>
			<size>medium</size>
			<hidden>YES</hidden>
			<locked>NO</locked>
			<x>2698</x>
			<y>785</y>
			<content ref="/page/16-the-tomb-of-st-frederick" />
		</marker>
		<marker>
			<name>L1</name>
			<color>#268bd2</color>
			<shape>marker</shape>
			<size>small</size>
			<hidden>YES</hidden>
			<locked>NO</locked>
			<x>361</x>
			<y>2367</y>
		</marker>
		<marker>
			<name>L2</name>
			<color>#268bd2</color>
			<shape>marker</shape>
			<size>small</size>
			<hidden>YES</hidden>
			<locked>NO</locked>
			<x>362</x>
			<y>2498</y>
		</marker>
		<marker>
			<name>L3</name>
			<color>#268bd2</color>
			<shape>marker</shape>
			<size>small</size>
			<hidden>YES</hidden>
			<locked>NO</locked>
			<x>362</x>
			<y>2908</y>
		</marker>
		<marker>
			<name>L4</name>
			<color>#268bd2</color>
			<shape>marker</shape>
			<size>small</size>
			<hidden>YES</hidden>
			<locked>NO</locked>
			<x>361</x>
			<y>3039</y>
		</marker>
		<marker>
			<name>L5</name>
			<color>#268bd2</color>
			<shape>marker</shape>
			<size>small</size>
			<hidden>YES</hidden>
			<locked>NO</locked>
			<x>1088</x>
			<y>2384</y>
		</marker>
		<marker>
			<name>L6</name>
			<color>#268bd2</color>
			<shape>marker</shape>
			<size>small</size>
			<hidden>YES</hidden>
			<locked>NO</locked>
			<x>1089</x>
			<y>2500</y>
		</marker>
		<marker>
			<name>L7</name>
			<color>#268bd2</color>
			<shape>marker</shape>
			<size>small</size>
			<hidden>YES</hidden>
			<locked>NO</locked>
			<x>1085</x>
			<y>2916</y>
		</marker>
		<marker>
			<name>L8</name>
			<color>#268bd2</color>
			<shape>marker</shape>
			<size>small</size>
			<hidden>YES</hidden>
			<locked>NO</locked>
			<x>1085</x>
			<y>3047</y>
		</marker>
		<marker>
			<name>L1</name>
			<color>#268bd2</color>
			<shape>marker</shape>
			<size>small</size>
			<hidden>YES</hidden>
			<locked>NO</locked>
			<x>2296</x>
			<y>205</y>
		</marker>
		<marker>
			<name>L2</name>
			<color>#268bd2</color>
			<shape>marker</shape>
			<size>small</size>
			<hidden>YES</hidden>
			<locked>NO</locked>
			<x>2574</x>
			<y>203</y>
		</marker>
		<marker>
			<name>L3</name>
			<color>#268bd2</color>
			<shape>marker</shape>
			<size>small</size>
			<hidden>YES</hidden>
			<locked>NO</locked>
			<x>2843</x>
			<y>205</y>
		</marker>
		<marker>
			<name>L4</name>
			<color>#268bd2</color>
			<shape>marker</shape>
			<size>small</size>
			<hidden>YES</hidden>
			<locked>NO</locked>
			<x>3113</x>
			<y>198</y>
		</marker>
		<wall id="FC4E77B9-E7AF-49B6-B2D3-74F1E564FD56">
			<data>842.0,2327.0,932.0,2327.0,932.0,2259.0,842.0,2259.0,842.0,2102.0,1517.0,2102.0,1517.0,3092.0,1742.0,3092.0,1742.0,3002.0,2327.0,3002.0,2327.0,3317.0,392.0,3317.0,392.0,3137.0,257.0,3137.0,257.0,3317.0,167.0,3317.0,167.0,3452.0,2462.0,3452.0,2462.0,3002.0,2732.0,3002.0,2732.0,2912.0,3362.0,2912.0,3362.0,2732.0,3452.0,2732.0,3452.0,2147.0,3362.0,2147.0,3362.0,2102.0,3542.0,2102.0,3542.0,617.0,3362.0,617.0,3362.0,167.0,2057.0,167.0,2057.0,437.0,1787.0,437.0,1787.0,527.0,324.0,527.0,324.0,1382.0,752.0,1382.0,752.0,887.0,482.0,887.0,482.0,662.0,887.0,662.0,887.0,1202.0,1202.0,1202.0,1202.0,1067.0,1022.0,1067.0,1022.0,662.0,1787.0,662.0,1787.0,1697.0,99.0,1697.0,77.0,1697.0</data>
			<color>#ff7f00</color>
			<generated>YES</generated>
		</wall>
		<wall id="8C88EE5D-3802-43D7-81EC-DD1931DDA488">
			<data>932.0,2327.0,1112.0,2327.0,1112.0,2552.0,954.0,2552.0,954.0,2867.0,1112.0,2867.0,1112.0,3092.0,324.0,3092.0,324.0,2867.0,504.0,2867.0,504.0,2552.0,347.0,2552.0,347.0,2327.0,617.0,2327.0</data>
			<color>#ff7f00</color>
			<generated>YES</generated>
		</wall>
		<wall id="7F69158C-ED53-4DCA-8991-803D8E05E070">
			<data>77.0,1697.0,77.0,1922.0,617.0,1922.0,617.0,2259.0,527.0,2259.0,527.0,2327.0</data>
			<color>#ff7f00</color>
			<generated>YES</generated>
		</wall>
		<wall id="229D61DC-B747-495B-BD7F-9ED95F94582E">
			<data>1742.0,2237.0,1922.0,2237.0,1922.0,2372.0,1742.0,2372.0,1742.0,2597.0,1922.0,2597.0,1922.0,2732.0,1742.0,2732.0,1742.0,2867.0,2597.0,2867.0,2597.0,2777.0,3227.0,2777.0,3227.0,2732.0,2867.0,2732.0,2867.0,2147.0,3204.0,2147.0,3204.0,2102.0,1742.0,2102.0,1742.0,2237.0</data>
			<color>#ff7f00</color>
			<generated>YES</generated>
		</wall>
		<wall id="ABB29C23-78DB-4243-AF21-5D646B956C80">
			<data>3182.0,1877.0,3182.0,1562.0,3317.0,1562.0,3317.0,1877.0,3182.0,1877.0</data>
			<color>#ff7f00</color>
			<generated>YES</generated>
		</wall>
		<wall id="77F728E3-A46E-4D35-9141-AEB115B7E98A">
			<data>2034.0,1562.0,2034.0,572.0,1922.0,572.0,1922.0,1697.0,1989.0,1697.0,2102.0,1809.0,2102.0,1877.0,2957.0,1877.0,2957.0,1562.0,2034.0,1562.0</data>
			<color>#ff7f00</color>
			<generated>YES</generated>
		</wall>
		<wall id="60CDF16B-9CD9-4B4A-871C-A60F0348D43C">
			<data>2822.0,1179.0,2889.0,1134.0,2979.0,1067.0,3047.0,999.0,3069.0,909.0,3069.0,819.0,3069.0,729.0,3047.0,639.0,2979.0,549.0,2889.0,482.0,2799.0,459.0,2709.0,437.0,2619.0,459.0,2529.0,482.0,2439.0,549.0,2372.0,639.0,2327.0,729.0,2327.0,819.0,2327.0,909.0,2372.0,999.0,2439.0,1089.0,2529.0,1157.0,2597.0,1179.0,2597.0,1337.0,2282.0,1337.0,2282.0,392.0,3137.0,392.0,3137.0,1337.0,2822.0,1337.0,2822.0,1179.0</data>
			<color>#ff7f00</color>
			<generated>YES</generated>
		</wall>
		<wall id="83BF38DD-40DB-4FF3-89D3-7525427BFD42">
			<data>2597.0,1179.0,2822.0,1179.0</data>
			<color>#00ffff</color>
			<type>door</type>
			<generated>YES</generated>
		</wall>
		<wall id="69553FEE-A96E-441C-9200-4D9FF36BFC9D">
			<data>1719.0,2237.0,1719.0,2372.0</data>
			<color>#00ffff</color>
			<type>door</type>
		</wall>
		<wall id="D600B468-940E-43BE-A88D-47F6BB11A837">
			<data>1719.0,2597.0,1719.0,2732.0</data>
			<color>#00ffff</color>
			<type>door</type>
		</wall>
		<wall id="01245E9D-0B59-4300-9865-1ED2026AD6B6">
			<data>1719.0,2237.0,1742.0,2237.0</data>
			<color>#ff7f00</color>
		</wall>
		<wall id="B8A17A00-1D05-4F0A-A6FD-51BC5F527598">
			<data>1742.0,2372.0,1719.0,2372.0</data>
			<color>#ff7f00</color>
		</wall>
		<wall id="1DFF7069-6922-4FD7-BC67-BE3126F6B78B">
			<data>1742.0,2597.0,1719.0,2597.0</data>
			<color>#ff7f00</color>
		</wall>
		<wall id="8AE1F0F4-8095-4772-AA60-B228653E79A2">
			<data>1742.0,2732.0,1719.0,2732.0</data>
			<color>#ff7f00</color>
		</wall>
		<wall id="50A6FBCD-287F-4A39-B90D-804ABDF0BD10">
			<data>3204.0,2147.0,3362.0,2147.0</data>
			<color>#00ffff</color>
			<type>door</type>
		</wall>
		<wall id="B84D8588-0238-4240-83EF-8B0435734F0E">
			<data>3362.0,2732.0,3227.0,2732.0</data>
			<color>#00ffff</color>
			<type>door</type>
		</wall>
		<wall id="32601593-7A8E-4ADA-A854-58577F851A9D">
			<data>1787.0,1697.0,1922.0,1697.0</data>
			<color>#00ffff</color>
			<type>door</type>
		</wall>
	</map>
</module>