<?xml version="1.0" encoding="utf-8" standalone="no"?>
<module id="18eb5141-982d-4f3a-b113-9dc6a8cc593f">
	<name>Harvester of Souls</name>
	<description>An Eldritch revised edition adventure module written by Eric Bergeron and edited by Dan Hill Cross. Designed for four 2nd Level Characters.</description>
	<slug>harvester-of-souls</slug>
	<author>Eric Bergeron</author>
	<code></code>
	<category>adventure</category>
	<image>Cover.jpg</image>
	<encounter id="70C440F2-9C40-407A-9F0B-73A59FEE7E27">
		<name>Harvester Encounter</name>
		<slug>harvester-encounter</slug>
		<combatant>
			<label>H1</label>
			<x>2295</x>
			<y>135</y>
			<monster ref="/monster/harvester-greater-incarnation" />
		</combatant>
	</encounter>
</module>