<?xml version="1.0" encoding="utf-8" standalone="no"?>
<module id="18eb5141-982d-4f3a-b113-9dc6a8cc593f">
	<name>Harvester of Souls</name>
	<description>An Eldritch revised edition adventure module written by Eric Bergeron and edited by Dan Hill Cross. Designed for four 2nd Level Characters.</description>
	<slug>harvester-of-souls</slug>
	<author>Eric Bergeron</author>
	<code></code>
	<category>adventure</category>
	<image>Cover.jpg</image>
	<encounter id="1E579DBC-4396-4E13-BC5E-2DF84F647E62">
		<name>The Suicide Ambush!</name>
		<slug>suicide-ambush-encounter</slug>
		<combatant>
			<label>H1</label>
			<x>2925</x>
			<y>975</y>
			<monster ref="/monster/harvester-lesser-incarnation" />
		</combatant>
		<combatant>
			<label>C1</label>
			<x>2775</x>
			<y>975</y>
			<monster ref="/monster/cultist" />
		</combatant>
		<combatant>
			<label>C2</label>
			<x>2775</x>
			<y>1125</y>
			<monster ref="/monster/cultist" />
		</combatant>
		<combatant>
			<label>C3</label>
			<x>2775</x>
			<y>825</y>
			<monster ref="/monster/cultist" />
		</combatant>
		<combatant>
			<label>C4</label>
			<x>2925</x>
			<y>675</y>
			<monster ref="/monster/cultist" />
		</combatant>
		<combatant>
			<label>C5</label>
			<x>3075</x>
			<y>1425</y>
			<monster ref="/monster/cultist" />
		</combatant>
		<combatant>
			<label>C6</label>
			<x>2925</x>
			<y>1275</y>
			<monster ref="/monster/cultist" />
		</combatant>
	</encounter>
</module>